AREA,American,Chinese,Coffee/Tea,Pizza,Bakery Products/Desserts,Caribbean,Mexican,Japanese,Latin American,Chicken,Jewish/Kosher,Italian,"Juice, Smoothies, Fruit Salads",Middle Eastern,Spanish,Thai,Asian/Asian Fusion,Frozen Desserts,Sandwiches,Mediterranean,Eastern European,Tex-Mex,Seafood,Other
Bath Beach/Bensonhurst/Gravesend area,6.25,24.553571428571427,8.928571428571429,6.696428571428571,10.714285714285714,0.0,1.3392857142857142,5.357142857142857,2.6785714285714284,2.232142857142857,0.0,2.232142857142857,3.571428571428571,1.3392857142857142,2.232142857142857,0.4464285714285714,3.571428571428571,2.232142857142857,0.4464285714285714,0.4464285714285714,4.017857142857143,2.6785714285714284,0.0,8.035714285714286
Bath Beach/Dyker Heights area,11.11111111111111,17.46031746031746,3.1746031746031744,11.11111111111111,7.936507936507936,0.0,6.349206349206349,3.1746031746031744,6.349206349206349,4.761904761904762,0.0,4.761904761904762,1.5873015873015872,0.0,3.1746031746031744,0.0,1.5873015873015872,1.5873015873015872,1.5873015873015872,1.5873015873015872,0.0,0.0,0.0,12.698412698412698
Bay Ridge/Fort Hamilton area,17.343173431734318,6.642066420664207,8.856088560885608,6.273062730627306,6.273062730627306,0.0,6.273062730627306,3.6900369003690034,1.4760147601476015,1.4760147601476015,0.0,5.166051660516605,3.6900369003690034,8.118081180811808,0.7380073800738007,0.7380073800738007,1.8450184501845017,1.4760147601476015,1.107011070110701,2.214022140221402,0.36900369003690037,1.107011070110701,1.107011070110701,14.022140221402212
Bedford-Stuyvesant (East)/Bushwick area,24.675324675324674,7.792207792207792,10.38961038961039,6.493506493506493,3.2467532467532463,2.5974025974025974,5.194805194805195,0.0,8.441558441558442,5.194805194805195,0.0,1.2987012987012987,1.948051948051948,0.6493506493506493,3.2467532467532463,1.2987012987012987,0.0,0.0,0.6493506493506493,1.948051948051948,0.0,1.2987012987012987,0.6493506493506493,12.987012987012985
Bedford-Stuyvesant (East)/Ocean Hill-Brownsville area,14.606741573033707,10.112359550561797,5.617977528089887,5.617977528089887,4.49438202247191,11.235955056179774,4.49438202247191,2.247191011235955,1.1235955056179776,5.617977528089887,1.1235955056179776,2.247191011235955,1.1235955056179776,2.247191011235955,0.0,0.0,2.247191011235955,0.0,0.0,1.1235955056179776,0.0,0.0,1.1235955056179776,23.595505617977526
Bedford-Stuyvesant (West)/Clinton Hill/Fort Greene area,21.232876712328768,5.47945205479452,8.21917808219178,4.794520547945205,2.73972602739726,1.36986301369863,5.47945205479452,2.73972602739726,3.4246575342465753,2.73972602739726,4.10958904109589,6.164383561643835,2.054794520547945,0.684931506849315,1.36986301369863,4.10958904109589,0.684931506849315,0.0,2.054794520547945,1.36986301369863,0.0,1.36986301369863,2.054794520547945,15.753424657534246
Bedford-Stuyvesant (West)/Crown Heights (West) area,14.354066985645932,4.30622009569378,12.440191387559809,3.349282296650718,2.8708133971291865,12.440191387559809,4.30622009569378,3.827751196172249,1.9138755980861244,4.784688995215311,0.0,1.9138755980861244,1.9138755980861244,0.9569377990430622,1.4354066985645932,2.3923444976076556,1.9138755980861244,1.4354066985645932,0.4784688995215311,0.9569377990430622,0.0,0.9569377990430622,1.4354066985645932,19.617224880382775
Bensonhurst/Mapleton area,4.651162790697675,23.25581395348837,5.426356589147287,8.527131782945736,11.627906976744185,0.0,3.875968992248062,5.426356589147287,1.550387596899225,1.550387596899225,9.30232558139535,3.10077519379845,1.550387596899225,0.0,1.550387596899225,0.7751937984496124,1.550387596899225,2.3255813953488373,0.0,2.3255813953488373,1.550387596899225,1.550387596899225,0.0,8.527131782945736
Bergen Beach/Flatlands/Marine Park/Mill Basin area,18.125,8.75,4.375,5.625,7.5,6.25,1.875,2.5,0.625,4.375,2.5,4.375,2.5,1.25,0.0,0.0,0.625,3.75,2.5,0.0,0.625,1.25,3.125,17.5
Boerum Hill/Park Slope area,24.324324324324326,3.7162162162162162,9.121621621621621,6.081081081081082,2.7027027027027026,3.3783783783783785,3.040540540540541,6.418918918918918,1.3513513513513513,2.364864864864865,0.33783783783783783,3.3783783783783785,1.6891891891891893,1.3513513513513513,0.0,2.027027027027027,2.027027027027027,1.0135135135135136,1.3513513513513513,0.6756756756756757,0.33783783783783783,1.0135135135135136,1.6891891891891893,20.60810810810811
Borough Park area,5.263157894736842,26.31578947368421,3.508771929824561,4.385964912280701,10.526315789473683,0.0,7.894736842105263,2.631578947368421,5.263157894736842,0.8771929824561403,18.421052631578945,1.7543859649122806,0.8771929824561403,0.0,0.8771929824561403,0.0,0.0,1.7543859649122806,0.0,0.8771929824561403,0.8771929824561403,0.0,0.8771929824561403,7.017543859649122
Brighton Beach/Coney Island/Seagate area,27.835051546391753,4.123711340206185,4.123711340206185,9.278350515463918,2.0618556701030926,2.0618556701030926,2.0618556701030926,0.0,2.0618556701030926,5.154639175257731,0.0,1.0309278350515463,1.0309278350515463,0.0,2.0618556701030926,0.0,2.0618556701030926,4.123711340206185,1.0309278350515463,3.0927835051546393,2.0618556701030926,1.0309278350515463,3.0927835051546393,20.618556701030926
Brighton Beach/Manhattan Beach/Sheepshead Bay area,9.195402298850574,3.4482758620689653,6.321839080459771,5.172413793103448,5.172413793103448,0.0,2.2988505747126435,5.172413793103448,0.5747126436781609,1.7241379310344827,1.7241379310344827,0.5747126436781609,1.7241379310344827,3.4482758620689653,0.0,0.0,2.2988505747126435,2.8735632183908044,1.1494252873563218,2.8735632183908044,14.942528735632186,1.1494252873563218,1.1494252873563218,27.011494252873565
Brooklyn Heights/DUMBO/Downtown Brooklyn area,20.3781512605042,3.571428571428571,12.605042016806722,5.88235294117647,3.361344537815126,0.6302521008403361,2.3109243697478994,4.621848739495799,1.4705882352941175,1.680672268907563,0.42016806722689076,3.1512605042016806,3.1512605042016806,2.100840336134454,1.680672268907563,2.941176470588235,2.73109243697479,1.8907563025210083,1.4705882352941175,1.8907563025210083,0.21008403361344538,1.4705882352941175,0.8403361344537815,19.537815126050422
Bushwick/East Williamsburg area,22.66187050359712,2.877697841726619,7.553956834532374,5.39568345323741,5.0359712230215825,0.3597122302158274,11.510791366906476,2.5179856115107913,8.992805755395683,2.158273381294964,0.0,0.0,1.4388489208633095,0.7194244604316548,6.115107913669065,2.158273381294964,2.158273381294964,1.079136690647482,1.4388489208633095,1.4388489208633095,0.0,0.7194244604316548,0.7194244604316548,12.949640287769784
Canarsie area,10.185185185185185,15.74074074074074,1.8518518518518516,8.333333333333332,5.555555555555555,26.851851851851855,0.0,1.8518518518518516,0.9259259259259258,8.333333333333332,0.0,0.0,4.62962962962963,0.0,0.0,0.0,0.0,0.0,0.9259259259259258,0.0,0.0,2.7777777777777777,1.8518518518518516,10.185185185185185
Carroll Gardens/Cobble Hill/Red Hook area,28.22085889570552,4.294478527607362,11.65644171779141,4.9079754601226995,5.521472392638037,0.6134969325153374,2.4539877300613497,3.067484662576687,1.8404907975460123,1.8404907975460123,0.6134969325153374,10.429447852760736,0.6134969325153374,1.8404907975460123,0.0,3.6809815950920246,0.0,1.8404907975460123,1.8404907975460123,0.0,0.6134969325153374,0.6134969325153374,2.4539877300613497,11.042944785276074
Clinton Hill/Prospect Heights area,27.309236947791167,3.2128514056224895,11.244979919678714,4.417670682730924,2.8112449799196786,2.8112449799196786,4.417670682730924,3.614457831325301,0.8032128514056224,2.0080321285140563,0.0,4.819277108433735,1.6064257028112447,1.6064257028112447,0.0,3.2128514056224895,0.4016064257028112,1.6064257028112447,1.2048192771084338,0.8032128514056224,0.4016064257028112,1.2048192771084338,0.4016064257028112,20.080321285140563
Crown Heights (East) area,14.000000000000002,11.0,4.0,4.0,3.0,22.0,1.0,1.0,1.0,6.0,13.0,0.0,2.0,1.0,2.0,0.0,0.0,1.0,0.0,1.0,0.0,1.0,0.0,12.0
Crown Heights (West)/Prospect Lefferts Gardens area,18.120805369127517,7.38255033557047,12.080536912751679,6.0402684563758395,4.026845637583892,14.093959731543624,4.026845637583892,1.342281879194631,0.6711409395973155,3.3557046979865772,2.684563758389262,1.342281879194631,2.684563758389262,0.0,2.013422818791946,1.342281879194631,0.0,0.0,0.6711409395973155,1.342281879194631,0.0,1.342281879194631,0.6711409395973155,14.76510067114094
Cypress Hills/East New York area,12.062256809338521,14.785992217898833,1.9455252918287937,8.171206225680933,4.669260700389105,7.392996108949417,3.11284046692607,1.1673151750972763,11.284046692607005,7.392996108949417,0.0,0.38910505836575876,0.0,0.7782101167315175,5.058365758754864,0.38910505836575876,0.38910505836575876,1.1673151750972763,2.3346303501945527,0.38910505836575876,0.0,1.1673151750972763,0.38910505836575876,15.56420233463035
East Flatbush (North)/East Flatbush (South) area,6.504065040650407,8.130081300813007,1.6260162601626018,1.6260162601626018,6.504065040650407,48.78048780487805,0.8130081300813009,0.0,0.0,8.94308943089431,1.6260162601626018,0.8130081300813009,1.6260162601626018,0.0,0.8130081300813009,0.0,0.0,0.0,0.0,0.0,0.0,0.8130081300813009,1.6260162601626018,9.75609756097561
East Williamsburg/Williamsburg (North)/Williamsburg (South) area,21.608832807570977,3.1545741324921135,12.302839116719243,4.73186119873817,2.6813880126182967,0.7886435331230284,4.889589905362776,4.889589905362776,3.4700315457413247,1.1041009463722398,1.7350157728706623,4.889589905362776,1.8927444794952681,1.5772870662460567,1.2618296529968454,2.050473186119874,1.4195583596214512,1.2618296529968454,1.7350157728706623,1.4195583596214512,0.31545741324921134,0.7886435331230284,0.47318611987381703,19.558359621451103
Flatbush/Prospect Lefferts Gardens area,11.46788990825688,7.339449541284404,5.045871559633028,9.174311926605505,5.963302752293578,21.100917431192663,4.128440366972478,1.3761467889908259,1.834862385321101,5.963302752293578,0.45871559633027525,0.45871559633027525,0.9174311926605505,2.7522935779816518,1.834862385321101,0.45871559633027525,0.9174311926605505,1.3761467889908259,0.45871559633027525,0.45871559633027525,0.0,1.3761467889908259,0.45871559633027525,14.678899082568808
Flatlands/Midwood area,6.329113924050633,10.126582278481013,7.59493670886076,6.329113924050633,6.329113924050633,18.9873417721519,2.5316455696202533,1.2658227848101267,0.0,6.329113924050633,7.59493670886076,0.0,7.59493670886076,3.79746835443038,1.2658227848101267,0.0,0.0,0.0,3.79746835443038,1.2658227848101267,0.0,1.2658227848101267,0.0,7.59493670886076
Gerritsen Beach/Homecrest/Sheepshead Bay area,13.768115942028986,12.318840579710146,6.521739130434782,12.318840579710146,10.869565217391305,0.7246376811594203,3.6231884057971016,7.246376811594203,0.0,1.4492753623188406,3.6231884057971016,0.7246376811594203,0.0,1.4492753623188406,0.0,0.7246376811594203,0.7246376811594203,2.1739130434782608,1.4492753623188406,0.0,7.971014492753622,0.0,0.7246376811594203,11.594202898550725
Gowanus/Park Slope/Windsor Terrace area,21.813031161473088,3.6827195467422094,12.464589235127479,7.0821529745042495,4.2492917847025495,1.13314447592068,6.79886685552408,5.382436260623229,2.8328611898017,0.84985835694051,0.28328611898017,5.94900849858357,2.8328611898017,1.13314447592068,0.0,1.9830028328611897,0.56657223796034,1.41643059490085,0.56657223796034,1.13314447592068,0.28328611898017,1.69971671388102,0.56657223796034,15.29745042492918
Gravesend/Homecrest area,11.1731843575419,7.262569832402235,7.262569832402235,6.70391061452514,3.910614525139665,0.0,6.145251396648044,1.675977653631285,2.2346368715083798,3.35195530726257,20.670391061452513,1.1173184357541899,1.1173184357541899,5.027932960893855,0.5586592178770949,0.0,0.5586592178770949,0.0,1.1173184357541899,2.793296089385475,5.027932960893855,1.1173184357541899,1.1173184357541899,10.05586592178771
Greenpoint area,20.588235294117645,2.941176470588235,14.705882352941178,6.61764705882353,3.308823529411765,0.0,4.779411764705882,7.352941176470589,0.0,0.7352941176470588,0.0,2.941176470588235,1.4705882352941175,0.3676470588235294,1.4705882352941175,2.5735294117647056,1.8382352941176472,1.8382352941176472,2.2058823529411766,2.5735294117647056,0.3676470588235294,0.0,1.1029411764705883,20.22058823529412
Kensington/Windsor Terrace area,15.441176470588236,7.352941176470589,5.147058823529411,8.823529411764707,3.6764705882352944,1.4705882352941175,10.294117647058822,1.4705882352941175,2.2058823529411766,0.7352941176470588,5.88235294117647,1.4705882352941175,0.7352941176470588,2.2058823529411766,1.4705882352941175,5.147058823529411,0.7352941176470588,0.7352941176470588,0.7352941176470588,2.2058823529411766,1.4705882352941175,1.4705882352941175,0.7352941176470588,18.38235294117647
Midwood area,6.451612903225806,4.838709677419355,6.451612903225806,5.64516129032258,4.838709677419355,0.0,7.258064516129033,0.0,0.8064516129032258,0.8064516129032258,37.096774193548384,0.8064516129032258,1.6129032258064515,5.64516129032258,0.0,0.0,0.8064516129032258,2.4193548387096775,0.8064516129032258,0.8064516129032258,3.225806451612903,0.8064516129032258,0.0,8.870967741935484
Ocean Hill-Brownsville area,11.009174311926607,18.34862385321101,0.0,9.174311926605505,2.7522935779816518,22.93577981651376,1.834862385321101,0.9174311926605505,1.834862385321101,10.091743119266056,0.0,0.0,0.9174311926605505,0.9174311926605505,2.7522935779816518,0.0,0.0,0.0,1.834862385321101,0.0,0.0,0.9174311926605505,1.834862385321101,11.926605504587156
Sunset Park area,9.125475285171103,30.418250950570343,7.0342205323193925,3.4220532319391634,8.17490494296578,0.7604562737642585,7.0342205323193925,1.7110266159695817,8.17490494296578,3.2319391634980987,0.0,0.5703422053231939,1.3307984790874523,1.7110266159695817,2.091254752851711,0.38022813688212925,2.6615969581749046,1.3307984790874523,1.1406844106463878,0.5703422053231939,0.0,0.5703422053231939,1.3307984790874523,7.224334600760455
Williamsburg (South) area,22.110552763819097,4.522613065326634,13.06532663316583,7.537688442211055,3.5175879396984926,3.015075376884422,5.527638190954774,4.0201005025125625,6.532663316582915,2.512562814070352,2.0100502512562812,1.0050251256281406,1.507537688442211,1.0050251256281406,2.512562814070352,2.512562814070352,1.507537688442211,0.5025125628140703,1.0050251256281406,0.0,0.0,1.0050251256281406,0.5025125628140703,12.562814070351758
