ZIPCODE,AREA,SOURCE
11201,Brooklyn Heights/DUMBO/Downtown Brooklyn area,https://raw.githubusercontent.com/nychealth/coronavirus-data/master/totals/data-by-modzcta.csv
11203,East Flatbush (North)/East Flatbush (South) area,https://raw.githubusercontent.com/nychealth/coronavirus-data/master/totals/data-by-modzcta.csv
11204,Bensonhurst/Mapleton area,https://raw.githubusercontent.com/nychealth/coronavirus-data/master/totals/data-by-modzcta.csv
11205,Bedford-Stuyvesant (West)/Clinton Hill/Fort Greene area,https://raw.githubusercontent.com/nychealth/coronavirus-data/master/totals/data-by-modzcta.csv
11206,Williamsburg (South) area,https://raw.githubusercontent.com/nychealth/coronavirus-data/master/totals/data-by-modzcta.csv
11207,Cypress Hills/East New York area,https://raw.githubusercontent.com/nychealth/coronavirus-data/master/totals/data-by-modzcta.csv
11208,Cypress Hills/East New York area,https://raw.githubusercontent.com/nychealth/coronavirus-data/master/totals/data-by-modzcta.csv
11209,Bay Ridge/Fort Hamilton area,https://raw.githubusercontent.com/nychealth/coronavirus-data/master/totals/data-by-modzcta.csv
11210,Flatlands/Midwood area,https://raw.githubusercontent.com/nychealth/coronavirus-data/master/totals/data-by-modzcta.csv
11211,East Williamsburg/Williamsburg (North)/Williamsburg (South) area,https://raw.githubusercontent.com/nychealth/coronavirus-data/master/totals/data-by-modzcta.csv
11249,East Williamsburg/Williamsburg (North)/Williamsburg (South) area,https://raw.githubusercontent.com/nychealth/coronavirus-data/master/totals/data-by-modzcta.csv
11212,Ocean Hill-Brownsville area,https://raw.githubusercontent.com/nychealth/coronavirus-data/master/totals/data-by-modzcta.csv
11213,Crown Heights (East) area,https://raw.githubusercontent.com/nychealth/coronavirus-data/master/totals/data-by-modzcta.csv
11214,Bath Beach/Bensonhurst/Gravesend area,https://raw.githubusercontent.com/nychealth/coronavirus-data/master/totals/data-by-modzcta.csv
11215,Gowanus/Park Slope/Windsor Terrace area,https://raw.githubusercontent.com/nychealth/coronavirus-data/master/totals/data-by-modzcta.csv
11216,Bedford-Stuyvesant (West)/Crown Heights (West) area,https://raw.githubusercontent.com/nychealth/coronavirus-data/master/totals/data-by-modzcta.csv
11217,Boerum Hill/Park Slope area,https://raw.githubusercontent.com/nychealth/coronavirus-data/master/totals/data-by-modzcta.csv
11243,Boerum Hill/Park Slope area,https://raw.githubusercontent.com/nychealth/coronavirus-data/master/totals/data-by-modzcta.csv
11218,Kensington/Windsor Terrace area,https://raw.githubusercontent.com/nychealth/coronavirus-data/master/totals/data-by-modzcta.csv
11219,Borough Park area,https://raw.githubusercontent.com/nychealth/coronavirus-data/master/totals/data-by-modzcta.csv
11220,Sunset Park area,https://raw.githubusercontent.com/nychealth/coronavirus-data/master/totals/data-by-modzcta.csv
11221,Bedford-Stuyvesant (East)/Bushwick area,https://raw.githubusercontent.com/nychealth/coronavirus-data/master/totals/data-by-modzcta.csv
11222,Greenpoint area,https://raw.githubusercontent.com/nychealth/coronavirus-data/master/totals/data-by-modzcta.csv
11223,Gravesend/Homecrest area,https://raw.githubusercontent.com/nychealth/coronavirus-data/master/totals/data-by-modzcta.csv
11224,Brighton Beach/Coney Island/Seagate area,https://raw.githubusercontent.com/nychealth/coronavirus-data/master/totals/data-by-modzcta.csv
11225,Crown Heights (West)/Prospect Lefferts Gardens area,https://raw.githubusercontent.com/nychealth/coronavirus-data/master/totals/data-by-modzcta.csv
11226,Flatbush/Prospect Lefferts Gardens area,https://raw.githubusercontent.com/nychealth/coronavirus-data/master/totals/data-by-modzcta.csv
11228,Bath Beach/Dyker Heights area,https://raw.githubusercontent.com/nychealth/coronavirus-data/master/totals/data-by-modzcta.csv
11229,Gerritsen Beach/Homecrest/Sheepshead Bay area,https://raw.githubusercontent.com/nychealth/coronavirus-data/master/totals/data-by-modzcta.csv
11230,Midwood area,https://raw.githubusercontent.com/nychealth/coronavirus-data/master/totals/data-by-modzcta.csv
11231,Carroll Gardens/Cobble Hill/Red Hook area,https://raw.githubusercontent.com/nychealth/coronavirus-data/master/totals/data-by-modzcta.csv
11232,Sunset Park area,https://raw.githubusercontent.com/nychealth/coronavirus-data/master/totals/data-by-modzcta.csv
11233,Bedford-Stuyvesant (East)/Ocean Hill-Brownsville area,https://raw.githubusercontent.com/nychealth/coronavirus-data/master/totals/data-by-modzcta.csv
11234,Bergen Beach/Flatlands/Marine Park/Mill Basin area,https://raw.githubusercontent.com/nychealth/coronavirus-data/master/totals/data-by-modzcta.csv
11235,Brighton Beach/Manhattan Beach/Sheepshead Bay area,https://raw.githubusercontent.com/nychealth/coronavirus-data/master/totals/data-by-modzcta.csv
11236,Canarsie area,https://raw.githubusercontent.com/nychealth/coronavirus-data/master/totals/data-by-modzcta.csv
11237,Bushwick/East Williamsburg area,https://raw.githubusercontent.com/nychealth/coronavirus-data/master/totals/data-by-modzcta.csv
11238,Clinton Hill/Prospect Heights area,https://raw.githubusercontent.com/nychealth/coronavirus-data/master/totals/data-by-modzcta.csv
11239,East New York area,https://raw.githubusercontent.com/nychealth/coronavirus-data/master/totals/data-by-modzcta.csv
